# x_u,y_u,z_u,pit_u,offset_m  # pit CAD side=-1
-6.5348,0.395,-6.8082,0,0
-6.6178,0.395,-7.8811,0.0104,0.383
-6.535,0.395,-8.9819,0.0208,1.439
-6.3211,0.395,-10.1046,0.0313,3.026
-6.0111,0.395,-11.2434,0.0417,5.003
-5.6398,0.395,-12.3925,0.0521,7.229
-5.2419,0.395,-13.5459,0.0625,9.562
-4.8524,0.395,-14.698,0.0729,11.861
-4.506,0.395,-15.8429,0.0833,13.985
-4.2376,0.395,-16.9747,0.0938,15.793
-4.0821,0.395,-18.0875,0.1042,17.143
-4.0742,0.395,-19.1754,0.1146,17.893
-4.2251,0.395,-20.2369,0.125,18
-4.4024,0.395,-21.294,0.1354,18
-4.5796,0.395,-22.351,0.1458,18
-4.7568,0.395,-23.408,0.1563,18
-4.9339,0.395,-24.465,0.1667,18
-5.1111,0.395,-25.5221,0.1771,18
-5.2883,0.395,-26.5792,0.1875,18
-5.4655,0.395,-27.6362,0.1979,18
-5.6426,0.395,-28.6933,0.2083,18
-5.8198,0.395,-29.7503,0.2188,18
-5.997,0.395,-30.8074,0.2292,18
-6.1741,0.395,-31.8645,0.2396,18
-6.3513,0.395,-32.9217,0.25,18
-6.5286,0.395,-33.9789,0.2604,18
-6.7058,0.395,-35.0359,0.2708,18
-6.883,0.395,-36.093,0.2813,18
-7.0603,0.395,-37.1502,0.2917,18
-7.2376,0.395,-38.2074,0.3021,18
-7.4149,0.395,-39.2646,0.3125,18
-7.5922,0.395,-40.3216,0.3229,18
-7.7696,0.395,-41.3788,0.3333,18
-7.9469,0.395,-42.4361,0.3438,18
-8.1244,0.395,-43.4933,0.3542,18
-8.3019,0.395,-44.5504,0.3646,18
-8.4793,0.395,-45.6074,0.375,18
-8.6568,0.395,-46.6646,0.3854,18
-8.8343,0.395,-47.7218,0.3958,18
-9.0119,0.395,-48.7789,0.4063,18
-9.1894,0.395,-49.8359,0.4167,18
-9.367,0.395,-50.893,0.4271,18
-9.5446,0.395,-51.9502,0.4375,18
-9.7222,0.395,-53.0074,0.4479,18
-9.8999,0.395,-54.0644,0.4583,18
-10.0776,0.395,-55.1214,0.4688,18
-10.2552,0.395,-56.1785,0.4792,18
-10.433,0.395,-57.2356,0.4896,18
-10.6107,0.395,-58.2927,0.5,18
-10.7885,0.395,-59.3497,0.5104,18
-10.9662,0.395,-60.4067,0.5208,18
-11.144,0.395,-61.4638,0.5313,18
-11.3218,0.395,-62.5209,0.5417,18
-11.4997,0.395,-63.578,0.5521,18
-11.6775,0.395,-64.6349,0.5625,18
-11.8553,0.395,-65.692,0.5729,18
-12.0332,0.395,-66.7491,0.5833,18
-12.2111,0.395,-67.8061,0.5938,18
-12.389,0.395,-68.8631,0.6042,18
-12.5669,0.395,-69.9201,0.6146,18
-12.7448,0.395,-70.9771,0.625,18
-12.9227,0.395,-72.0341,0.6354,18
-13.1007,0.395,-73.0911,0.6458,18
-13.2786,0.395,-74.148,0.6563,18
-13.4566,0.395,-75.205,0.6667,18
-13.6345,0.395,-76.262,0.6771,18
-13.8125,0.395,-77.319,0.6875,18
-13.9905,0.395,-78.376,0.6979,18
-14.1685,0.395,-79.433,0.7083,18
-14.3465,0.395,-80.4899,0.7188,18
-14.5384,0.395,-81.5446,0.7292,17.943
-14.7646,0.395,-82.5934,0.7396,17.748
-15.0224,0.395,-83.6369,0.75,17.424
-15.3092,0.395,-84.6756,0.7604,16.983
-15.6222,0.395,-85.7098,0.7708,16.436
-15.9587,0.395,-86.7401,0.7813,15.793
-16.3159,0.395,-87.7668,0.7917,15.066
-16.6911,0.395,-88.7905,0.8021,14.266
-17.0815,0.395,-89.8117,0.8125,13.405
-17.4845,0.395,-90.8307,0.8229,12.492
-17.8972,0.395,-91.8481,0.8333,11.54
-18.3169,0.395,-92.8643,0.8438,10.56
-18.7409,0.395,-93.8798,0.8542,9.562
-19.1664,0.395,-94.8951,0.8646,8.558
-19.5908,0.395,-95.9105,0.875,7.559
-20.0111,0.395,-96.9266,0.8854,6.576
-20.4248,0.395,-97.9439,0.8958,5.62
-20.829,0.395,-98.9627,0.9063,4.702
-21.2211,0.395,-99.9836,0.9167,3.834
-21.5982,0.395,-101.007,0.9271,3.026
-21.9577,0.395,-102.0334,0.9375,2.29
-22.2968,0.395,-103.0632,0.9479,1.637
-22.6127,0.395,-104.0969,0.9583,1.077
-22.9027,0.395,-105.135,0.9688,0.623
-23.1641,0.395,-106.1779,0.9792,0.284
-23.3941,0.395,-107.2261,0.9896,0.073
-23.59,0.395,-108.28,1,0
